Route,Departing Port,Arriving Port,Airline,Month,Sectors Scheduled,Sectors Flown,Cancellations,Departures On Time,Arrivals On Time,Departures Delayed,Arrivals Delayed,"OnTime Departures 
(%)","OnTime Arrivals 
(%)","Cancellations 

(%)",,,,,,
Adelaide-Alice Springs,Adelaide,Alice Springs,All Airlines,2024-25,661,658,3,533,536,125,122,81.0,81.5,0.5,,,,,,
Adelaide-Alice Springs,Adelaide,Alice Springs,QantasLink,2024-25,504,501,3,422,416,79,85,84.2,83.0,0.6,,,,,,
Adelaide-Alice Springs,Adelaide,Alice Springs,Virgin Australia,2024-25,157,157,0,111,120,46,37,70.7,76.4,0.0,,,,,,
Adelaide-Brisbane,Adelaide,Brisbane,All Airlines,2024-25,3876,3806,70,2981,3019,825,787,78.3,79.3,1.8,,,,,,
Adelaide-Brisbane,Adelaide,Brisbane,Jetstar,2024-25,443,439,4,330,333,109,106,75.2,75.9,0.9,,,,,,
Adelaide-Brisbane,Adelaide,Brisbane,QantasLink,2024-25,1875,1842,33,1436,1433,406,409,78.0,77.8,1.8,,,,,,
Adelaide-Brisbane,Adelaide,Brisbane,Rex Airlines,2024-25,35,29,6,27,28,2,1,93.1,96.6,17.1,,,,,,
Adelaide-Brisbane,Adelaide,Brisbane,Virgin Australia,2024-25,1523,1496,27,1188,1225,308,271,79.4,81.9,1.8,,,,,,
Adelaide-Canberra,Adelaide,Canberra,All Airlines,2024-25,1251,1238,13,1026,1014,212,224,82.9,81.9,1.0,,,,,,
Adelaide-Canberra,Adelaide,Canberra,QantasLink,2024-25,1041,1032,9,885,869,147,163,85.8,84.2,0.9,,,,,,
Adelaide-Canberra,Adelaide,Canberra,Virgin Australia,2024-25,210,206,4,141,145,65,61,68.4,70.4,1.9,,,,,,
Adelaide-Gold Coast,Adelaide,Gold Coast,All Airlines,2024-25,798,789,9,679,671,110,118,86.1,85.0,1.1,,,,,,
Adelaide-Gold Coast,Adelaide,Gold Coast,Jetstar,2024-25,366,362,4,319,304,43,58,88.1,84.0,1.1,,,,,,
Adelaide-Gold Coast,Adelaide,Gold Coast,QantasLink,2024-25,33,33,0,26,27,7,6,78.8,81.8,0.0,,,,,,
Adelaide-Gold Coast,Adelaide,Gold Coast,Virgin Australia,2024-25,399,394,5,334,340,60,54,84.8,86.3,1.3,,,,,,
Adelaide-Melbourne,Adelaide,Melbourne,All Airlines,2024-25,7798,7703,95,5873,6014,1830,1689,76.2,78.1,1.2,,,,,,
Adelaide-Melbourne,Adelaide,Melbourne,Jetstar,2024-25,1514,1499,15,1097,1142,402,357,73.2,76.2,1.0,,,,,,
Adelaide-Melbourne,Adelaide,Melbourne,Qantas,2024-25,2966,2928,38,2254,2329,674,599,77.0,79.5,1.3,,,,,,
Adelaide-Melbourne,Adelaide,Melbourne,QantasLink,2024-25,141,131,10,111,105,20,26,84.7,80.2,7.1,,,,,,
Adelaide-Melbourne,Adelaide,Melbourne,Rex Airlines,2024-25,72,60,12,51,46,9,14,85.0,76.7,16.7,,,,,,
Adelaide-Melbourne,Adelaide,Melbourne,Virgin Australia,2024-25,3105,3085,20,2360,2392,725,693,76.5,77.5,0.6,,,,,,
Adelaide-Perth,Adelaide,Perth,All Airlines,2024-25,2339,2321,18,1627,1671,694,650,70.1,72.0,0.8,,,,,,
Adelaide-Perth,Adelaide,Perth,Jetstar,2024-25,316,314,2,192,206,122,108,61.1,65.6,0.6,,,,,,
Adelaide-Perth,Adelaide,Perth,Qantas,2024-25,1100,1095,5,918,910,177,185,83.8,83.1,0.5,,,,,,
Adelaide-Perth,Adelaide,Perth,Rex Airlines,2024-25,19,14,5,8,7,6,7,57.1,50.0,26.3,,,,,,
Adelaide-Perth,Adelaide,Perth,Virgin Australia,2024-25,701,697,4,439,462,258,235,63.0,66.3,0.6,,,,,,
Adelaide-Perth,Adelaide,Perth,Virgin Australia Regional Airlines,2024-25,203,201,2,70,86,131,115,34.8,42.8,1.0,,,,,,
Adelaide-Port Lincoln,Adelaide,Port Lincoln,All Airlines,2024-25,3171,3057,114,2562,2515,495,542,83.8,82.3,3.6,,,,,,
Adelaide-Port Lincoln,Adelaide,Port Lincoln,QantasLink,2024-25,1365,1329,36,1193,1192,136,137,89.8,89.7,2.6,,,,,,
Adelaide-Port Lincoln,Adelaide,Port Lincoln,Rex Airlines,2024-25,1806,1728,78,1369,1323,359,405,79.2,76.6,4.3,,,,,,
Adelaide-Sydney,Adelaide,Sydney,All Airlines,2024-25,6546,6356,190,4866,4741,1490,1615,76.6,74.6,2.9,,,,,,
Adelaide-Sydney,Adelaide,Sydney,Jetstar,2024-25,1583,1515,68,1148,1129,367,386,75.8,74.5,4.3,,,,,,
Adelaide-Sydney,Adelaide,Sydney,Qantas,2024-25,2876,2778,98,2152,2113,626,665,77.5,76.1,3.4,,,,,,
Adelaide-Sydney,Adelaide,Sydney,Rex Airlines,2024-25,36,30,6,24,23,6,7,80.0,76.7,16.7,,,,,,
Adelaide-Sydney,Adelaide,Sydney,Virgin Australia,2024-25,2051,2033,18,1542,1476,491,557,75.8,72.6,0.9,,,,,,
Albury-Sydney,Albury,Sydney,All Airlines,2024-25,2004,1972,32,1530,1490,442,482,77.6,75.6,1.6,,,,,,
Albury-Sydney,Albury,Sydney,QantasLink,2024-25,1137,1112,25,803,813,309,299,72.2,73.1,2.2,,,,,,
Albury-Sydney,Albury,Sydney,Rex Airlines,2024-25,867,860,7,727,677,133,183,84.5,78.7,0.8,,,,,,
Alice Springs-Adelaide,Alice Springs,Adelaide,All Airlines,2024-25,660,654,6,493,500,161,154,75.4,76.5,0.9,,,,,,
Alice Springs-Adelaide,Alice Springs,Adelaide,QantasLink,2024-25,503,498,5,420,422,78,76,84.3,84.7,1.0,,,,,,
Alice Springs-Adelaide,Alice Springs,Adelaide,Virgin Australia,2024-25,157,156,1,73,78,83,78,46.8,50.0,0.6,,,,,,
All Ports-All Ports,All Ports,All Ports,All Airlines,2024-25,549086,535201,13885,411200,408570,124001,126631,76.8,76.3,2.5,,,,,,
All Ports-All Ports,All Ports,All Ports,Hinterland,2024-25,16363,16166,197,14904,14272,1262,1894,92.2,88.3,1.2,,,,,,
All Ports-All Ports,All Ports,All Ports,Jetstar,2024-25,92974,91147,1827,66292,68155,24855,22992,72.7,74.8,2.0,,,,,,
All Ports-All Ports,All Ports,All Ports,Qantas,2024-25,91258,88630,2628,67209,66502,21421,22128,75.8,75.0,2.9,,,,,,
All Ports-All Ports,All Ports,All Ports,QantasLink,2024-25,139334,134573,4761,104876,104543,29697,30030,77.9,77.7,3.4,,,,,,
All Ports-All Ports,All Ports,All Ports,Rex Airlines,2024-25,54429,52989,1440,40852,39230,12137,13759,77.1,74.0,2.6,,,,,,
All Ports-All Ports,All Ports,All Ports,SmartLynx Australia,2024-25,10423,9665,758,8442,8429,1223,1236,87.3,87.2,7.3,,,,,,
All Ports-All Ports,All Ports,All Ports,Virgin Australia,2024-25,141014,138792,2222,106535,105209,32257,33583,76.8,75.8,1.6,,,,,,
All Ports-All Ports,All Ports,All Ports,Virgin Australia Regional Airlines,2024-25,3291,3239,52,2090,2230,1149,1009,64.5,68.8,1.6,,,,,,
Ayers Rock-Melbourne,Ayers Rock,Melbourne,All Airlines,2024-25,149,148,1,127,138,21,10,85.8,93.2,0.7,,,,,,
Ayers Rock-Melbourne,Ayers Rock,Melbourne,Jetstar,2024-25,97,97,0,79,89,18,8,81.4,91.8,0.0,,,,,,
Ayers Rock-Melbourne,Ayers Rock,Melbourne,Virgin Australia,2024-25,52,51,1,48,49,3,2,94.1,96.1,1.9,,,,,,
Ballina-Sydney,Ballina,Sydney,All Airlines,2024-25,1974,1920,54,1485,1477,435,443,77.3,76.9,2.7,,,,,,
Ballina-Sydney,Ballina,Sydney,Jetstar,2024-25,928,909,19,705,711,204,198,77.6,78.2,2.0,,,,,,
Ballina-Sydney,Ballina,Sydney,QantasLink,2024-25,536,510,26,412,398,98,112,80.8,78.0,4.9,,,,,,
Ballina-Sydney,Ballina,Sydney,Virgin Australia,2024-25,510,501,9,368,368,133,133,73.5,73.5,1.8,,,,,,
Brisbane-Adelaide,Brisbane,Adelaide,All Airlines,2024-25,3876,3799,77,2814,2955,985,844,74.1,77.8,2.0,,,,,,
Brisbane-Adelaide,Brisbane,Adelaide,Jetstar,2024-25,442,438,4,291,324,147,114,66.4,74.0,0.9,,,,,,
Brisbane-Adelaide,Brisbane,Adelaide,QantasLink,2024-25,1874,1835,39,1341,1375,494,460,73.1,74.9,2.1,,,,,,
Brisbane-Adelaide,Brisbane,Adelaide,Rex Airlines,2024-25,35,29,6,27,26,2,3,93.1,89.7,17.1,,,,,,
Brisbane-Adelaide,Brisbane,Adelaide,Virgin Australia,2024-25,1525,1497,28,1155,1230,342,267,77.2,82.2,1.8,,,,,,
Brisbane-Cairns,Brisbane,Cairns,All Airlines,2024-25,5033,4973,60,3539,3533,1434,1440,71.2,71.0,1.2,,,,,,
Brisbane-Cairns,Brisbane,Cairns,Jetstar,2024-25,1121,1113,8,824,844,289,269,74.0,75.8,0.7,,,,,,
Brisbane-Cairns,Brisbane,Cairns,Qantas,2024-25,438,435,3,346,344,89,91,79.5,79.1,0.7,,,,,,
Brisbane-Cairns,Brisbane,Cairns,QantasLink,2024-25,1689,1659,30,1071,1035,588,624,64.6,62.4,1.8,,,,,,
Brisbane-Cairns,Brisbane,Cairns,Rex Airlines,2024-25,13,9,4,6,5,3,4,66.7,55.6,30.8,,,,,,
Brisbane-Cairns,Brisbane,Cairns,Virgin Australia,2024-25,1772,1757,15,1292,1305,465,452,73.5,74.3,0.8,,,,,,
Brisbane-Canberra,Brisbane,Canberra,All Airlines,2024-25,3450,3359,91,2506,2571,853,788,74.6,76.5,2.6,,,,,,
Brisbane-Canberra,Brisbane,Canberra,Jetstar,2024-25,365,362,3,267,274,95,88,73.8,75.7,0.8,,,,,,
Brisbane-Canberra,Brisbane,Canberra,Qantas,2024-25,14,14,0,13,12,1,2,92.9,85.7,0.0,,,,,,
Brisbane-Canberra,Brisbane,Canberra,QantasLink,2024-25,1822,1755,67,1312,1347,443,408,74.8,76.8,3.7,,,,,,
Brisbane-Canberra,Brisbane,Canberra,Virgin Australia,2024-25,1249,1228,21,914,938,314,290,74.4,76.4,1.7,,,,,,
Brisbane-Darwin,Brisbane,Darwin,All Airlines,2024-25,1234,1218,16,933,929,285,289,76.6,76.3,1.3,,,,,,
Brisbane-Darwin,Brisbane,Darwin,Jetstar,2024-25,309,304,5,238,241,66,63,78.3,79.3,1.6,,,,,,
Brisbane-Darwin,Brisbane,Darwin,Qantas,2024-25,377,372,5,300,307,72,65,80.6,82.5,1.3,,,,,,
Brisbane-Darwin,Brisbane,Darwin,QantasLink,2024-25,119,117,2,90,70,27,47,76.9,59.8,1.7,,,,,,
Brisbane-Darwin,Brisbane,Darwin,Virgin Australia,2024-25,429,425,4,305,311,120,114,71.8,73.2,0.9,,,,,,
Brisbane-Emerald,Brisbane,Emerald,All Airlines,2024-25,1749,1684,65,1369,1392,315,292,81.3,82.7,3.7,,,,,,
Brisbane-Emerald,Brisbane,Emerald,QantasLink,2024-25,1436,1373,63,1148,1169,225,204,83.6,85.1,4.4,,,,,,
Brisbane-Emerald,Brisbane,Emerald,Virgin Australia,2024-25,313,311,2,221,223,90,88,71.1,71.7,0.6,,,,,,
Brisbane-Gladstone,Brisbane,Gladstone,All Airlines,2024-25,1948,1884,64,1432,1414,452,470,76.0,75.1,3.3,,,,,,
Brisbane-Gladstone,Brisbane,Gladstone,QantasLink,2024-25,1530,1473,57,1137,1114,336,359,77.2,75.6,3.7,,,,,,
Brisbane-Gladstone,Brisbane,Gladstone,Virgin Australia,2024-25,418,411,7,295,300,116,111,71.8,73.0,1.7,,,,,,
Brisbane-Hamilton Island,Brisbane,Hamilton Island,All Airlines,2024-25,750,741,9,581,577,160,164,78.4,77.9,1.2,,,,,,
Brisbane-Hamilton Island,Brisbane,Hamilton Island,QantasLink,2024-25,331,325,6,238,231,87,94,73.2,71.1,1.8,,,,,,
Brisbane-Hamilton Island,Brisbane,Hamilton Island,Virgin Australia,2024-25,419,416,3,343,346,73,70,82.5,83.2,0.7,,,,,,
Brisbane-Hobart,Brisbane,Hobart,All Airlines,2024-25,1104,1090,14,829,846,261,244,76.1,77.6,1.3,,,,,,
Brisbane-Hobart,Brisbane,Hobart,Jetstar,2024-25,337,333,4,285,277,48,56,85.6,83.2,1.2,,,,,,
Brisbane-Hobart,Brisbane,Hobart,QantasLink,2024-25,220,215,5,150,155,65,60,69.8,72.1,2.3,,,,,,
Brisbane-Hobart,Brisbane,Hobart,Virgin Australia,2024-25,547,542,5,394,414,148,128,72.7,76.4,0.9,,,,,,
Brisbane-Launceston,Brisbane,Launceston,All Airlines,2024-25,506,499,7,337,351,162,148,67.5,70.3,1.4,,,,,,
Brisbane-Launceston,Brisbane,Launceston,Jetstar,2024-25,298,293,5,192,199,101,94,65.5,67.9,1.7,,,,,,
Brisbane-Launceston,Brisbane,Launceston,QantasLink,2024-25,21,21,0,14,14,7,7,66.7,66.7,0.0,,,,,,
Brisbane-Launceston,Brisbane,Launceston,Virgin Australia,2024-25,187,185,2,131,138,54,47,70.8,74.6,1.1,,,,,,
Brisbane-Mackay,Brisbane,Mackay,All Airlines,2024-25,3477,3408,69,2398,2473,1010,935,70.4,72.6,2.0,,,,,,
Brisbane-Mackay,Brisbane,Mackay,Jetstar,2024-25,366,360,6,177,179,183,181,49.2,49.7,1.6,,,,,,
Brisbane-Mackay,Brisbane,Mackay,Qantas,2024-25,1101,1082,19,837,859,245,223,77.4,79.4,1.7,,,,,,
Brisbane-Mackay,Brisbane,Mackay,QantasLink,2024-25,390,366,24,256,248,110,118,69.9,67.8,6.2,,,,,,
Brisbane-Mackay,Brisbane,Mackay,Virgin Australia,2024-25,1620,1600,20,1128,1187,472,413,70.5,74.2,1.2,,,,,,
Brisbane-Melbourne,Brisbane,Melbourne,All Airlines,2024-25,11633,11276,357,8122,8007,3154,3269,72.0,71.0,3.1,,,,,,
Brisbane-Melbourne,Brisbane,Melbourne,Jetstar,2024-25,1861,1804,57,1160,1240,644,564,64.3,68.7,3.1,,,,,,
Brisbane-Melbourne,Brisbane,Melbourne,Qantas,2024-25,3885,3781,104,2859,2815,922,966,75.6,74.5,2.7,,,,,,
Brisbane-Melbourne,Brisbane,Melbourne,QantasLink,2024-25,888,786,102,514,504,272,282,65.4,64.1,11.5,,,,,,
Brisbane-Melbourne,Brisbane,Melbourne,Rex Airlines,2024-25,67,56,11,34,33,22,23,60.7,58.9,16.4,,,,,,
Brisbane-Melbourne,Brisbane,Melbourne,Virgin Australia,2024-25,4932,4849,83,3555,3415,1294,1434,73.3,70.4,1.7,,,,,,
Brisbane-Mount Isa,Brisbane,Mount Isa,All Airlines,2024-25,977,965,12,745,735,220,230,77.2,76.2,1.2,,,,,,
Brisbane-Mount Isa,Brisbane,Mount Isa,Qantas,2024-25,297,297,0,260,263,37,34,87.5,88.6,0.0,,,,,,
Brisbane-Mount Isa,Brisbane,Mount Isa,QantasLink,2024-25,522,511,11,366,362,145,149,71.6,70.8,2.1,,,,,,
Brisbane-Mount Isa,Brisbane,Mount Isa,Virgin Australia,2024-25,158,157,1,119,110,38,47,75.8,70.1,0.6,,,,,,
Brisbane-Newcastle,Brisbane,Newcastle,All Airlines,2024-25,2603,2552,51,1777,1769,775,783,69.6,69.3,2.0,,,,,,
Brisbane-Newcastle,Brisbane,Newcastle,Jetstar,2024-25,665,652,13,484,491,168,161,74.2,75.3,2.0,,,,,,
Brisbane-Newcastle,Brisbane,Newcastle,QantasLink,2024-25,982,958,24,748,741,210,217,78.1,77.3,2.4,,,,,,
Brisbane-Newcastle,Brisbane,Newcastle,Virgin Australia,2024-25,956,942,14,545,537,397,405,57.9,57.0,1.5,,,,,,
Brisbane-Perth,Brisbane,Perth,All Airlines,2024-25,3762,3702,60,2595,2703,1107,999,70.1,73.0,1.6,,,,,,
Brisbane-Perth,Brisbane,Perth,Jetstar,2024-25,332,319,13,162,212,157,107,50.8,66.5,3.9,,,,,,
Brisbane-Perth,Brisbane,Perth,Qantas,2024-25,1910,1883,27,1479,1420,404,463,78.5,75.4,1.4,,,,,,
Brisbane-Perth,Brisbane,Perth,Virgin Australia,2024-25,1520,1500,20,954,1071,546,429,63.6,71.4,1.3,,,,,,
Brisbane-Proserpine,Brisbane,Proserpine,All Airlines,2024-25,1014,988,26,717,714,271,274,72.6,72.3,2.6,,,,,,
Brisbane-Proserpine,Brisbane,Proserpine,Jetstar,2024-25,394,384,10,277,267,107,117,72.1,69.5,2.5,,,,,,
Brisbane-Proserpine,Brisbane,Proserpine,QantasLink,2024-25,207,201,6,149,156,52,45,74.1,77.6,2.9,,,,,,
Brisbane-Proserpine,Brisbane,Proserpine,Virgin Australia,2024-25,413,403,10,291,291,112,112,72.2,72.2,2.4,,,,,,
Brisbane-Rockhampton,Brisbane,Rockhampton,All Airlines,2024-25,3964,3896,68,2760,2668,1136,1228,70.8,68.5,1.7,,,,,,
Brisbane-Rockhampton,Brisbane,Rockhampton,QantasLink,2024-25,2100,2049,51,1545,1557,504,492,75.4,76.0,2.4,,,,,,
Brisbane-Rockhampton,Brisbane,Rockhampton,Virgin Australia,2024-25,1864,1847,17,1215,1111,632,736,65.8,60.2,0.9,,,,,,
Brisbane-Sydney,Brisbane,Sydney,All Airlines,2024-25,14517,14076,441,10678,10335,3398,3741,75.9,73.4,3.0,,,,,,
Brisbane-Sydney,Brisbane,Sydney,Jetstar,2024-25,2521,2427,94,1653,1650,774,777,68.1,68.0,3.7,,,,,,
Brisbane-Sydney,Brisbane,Sydney,Qantas,2024-25,6242,6060,182,4775,4626,1285,1434,78.8,76.3,2.9,,,,,,
Brisbane-Sydney,Brisbane,Sydney,QantasLink,2024-25,14,13,1,13,10,0,3,100.0,76.9,7.1,,,,,,
Brisbane-Sydney,Brisbane,Sydney,Rex Airlines,2024-25,180,150,30,120,115,30,35,80.0,76.7,16.7,,,,,,
Brisbane-Sydney,Brisbane,Sydney,Virgin Australia,2024-25,5560,5426,134,4117,3934,1309,1492,75.9,72.5,2.4,,,,,,
Brisbane-Townsville,Brisbane,Townsville,All Airlines,2024-25,4420,4343,77,2999,2916,1344,1427,69.1,67.1,1.7,,,,,,
Brisbane-Townsville,Brisbane,Townsville,Jetstar,2024-25,741,732,9,491,492,241,240,67.1,67.2,1.2,,,,,,
Brisbane-Townsville,Brisbane,Townsville,Qantas,2024-25,277,275,2,233,236,42,39,84.7,85.8,0.7,,,,,,
Brisbane-Townsville,Brisbane,Townsville,QantasLink,2024-25,1739,1694,45,1145,1102,549,592,67.6,65.1,2.6,,,,,,
Brisbane-Townsville,Brisbane,Townsville,Virgin Australia,2024-25,1663,1642,21,1130,1086,512,556,68.8,66.1,1.3,,,,,,
Broome-Perth,Broome,Perth,All Airlines,2024-25,1580,1562,18,905,945,657,617,57.9,60.5,1.1,,,,,,
Broome-Perth,Broome,Perth,Qantas,2024-25,6,6,0,4,3,2,3,66.7,50.0,0.0,,,,,,
Broome-Perth,Broome,Perth,QantasLink,2024-25,964,946,18,556,539,390,407,58.8,57.0,1.9,,,,,,
Broome-Perth,Broome,Perth,Virgin Australia,2024-25,438,438,0,296,309,142,129,67.6,70.5,0.0,,,,,,
Broome-Perth,Broome,Perth,Virgin Australia Regional Airlines,2024-25,172,172,0,49,94,123,78,28.5,54.7,0.0,,,,,,
Cairns-Brisbane,Cairns,Brisbane,All Airlines,2024-25,5040,4965,75,3457,3619,1508,1346,69.6,72.9,1.5,,,,,,
Cairns-Brisbane,Cairns,Brisbane,Jetstar,2024-25,1124,1114,10,882,888,232,226,79.2,79.7,0.9,,,,,,
Cairns-Brisbane,Cairns,Brisbane,Qantas,2024-25,438,435,3,319,346,116,89,73.3,79.5,0.7,,,,,,
Cairns-Brisbane,Cairns,Brisbane,QantasLink,2024-25,1691,1649,42,1063,1054,586,595,64.5,63.9,2.5,,,,,,
Cairns-Brisbane,Cairns,Brisbane,Rex Airlines,2024-25,13,9,4,8,9,1,0,88.9,100.0,30.8,,,,,,
Cairns-Brisbane,Cairns,Brisbane,Virgin Australia,2024-25,1774,1758,16,1185,1322,573,436,67.4,75.2,0.9,,,,,,
Cairns-Melbourne,Cairns,Melbourne,All Airlines,2024-25,2365,2347,18,1658,1777,689,570,70.6,75.7,0.8,,,,,,
Cairns-Melbourne,Cairns,Melbourne,Jetstar,2024-25,1138,1126,12,773,834,353,292,68.7,74.1,1.1,,,,,,
Cairns-Melbourne,Cairns,Melbourne,Qantas,2024-25,382,379,3,249,280,130,99,65.7,73.9,0.8,,,,,,
Cairns-Melbourne,Cairns,Melbourne,Virgin Australia,2024-25,845,842,3,636,663,206,179,75.5,78.7,0.4,,,,,,
Cairns-Sydney,Cairns,Sydney,All Airlines,2024-25,2740,2716,24,2079,2136,637,580,76.5,78.6,0.9,,,,,,
Cairns-Sydney,Cairns,Sydney,Jetstar,2024-25,1264,1250,14,959,996,291,254,76.7,79.7,1.1,,,,,,
Cairns-Sydney,Cairns,Sydney,Qantas,2024-25,471,468,3,309,326,159,142,66.0,69.7,0.6,,,,,,
Cairns-Sydney,Cairns,Sydney,QantasLink,2024-25,59,59,0,47,49,12,10,79.7,83.1,0.0,,,,,,
Cairns-Sydney,Cairns,Sydney,Virgin Australia,2024-25,946,939,7,764,765,175,174,81.4,81.5,0.7,,,,,,
Cairns-Townsville,Cairns,Townsville,All Airlines,2024-25,1030,1014,16,832,847,182,167,82.1,83.5,1.6,,,,,,
Cairns-Townsville,Cairns,Townsville,QantasLink,2024-25,938,925,13,757,773,168,152,81.8,83.6,1.4,,,,,,
Cairns-Townsville,Cairns,Townsville,Rex Airlines,2024-25,92,89,3,75,74,14,15,84.3,83.1,3.3,,,,,,
Canberra-Adelaide,Canberra,Adelaide,All Airlines,2024-25,1249,1230,19,1025,1034,205,196,83.3,84.1,1.5,,,,,,
Canberra-Adelaide,Canberra,Adelaide,QantasLink,2024-25,1041,1026,15,869,869,157,157,84.7,84.7,1.4,,,,,,
Canberra-Adelaide,Canberra,Adelaide,Virgin Australia,2024-25,208,204,4,156,165,48,39,76.5,80.9,1.9,,,,,,
Canberra-Brisbane,Canberra,Brisbane,All Airlines,2024-25,3451,3343,108,2533,2536,810,807,75.8,75.9,3.1,,,,,,
Canberra-Brisbane,Canberra,Brisbane,Jetstar,2024-25,367,360,7,242,248,118,112,67.2,68.9,1.9,,,,,,
Canberra-Brisbane,Canberra,Brisbane,Qantas,2024-25,13,13,0,12,12,1,1,92.3,92.3,0.0,,,,,,
Canberra-Brisbane,Canberra,Brisbane,QantasLink,2024-25,1820,1741,79,1298,1291,443,450,74.6,74.2,4.3,,,,,,
Canberra-Brisbane,Canberra,Brisbane,Virgin Australia,2024-25,1251,1229,22,981,985,248,244,79.8,80.1,1.8,,,,,,
Canberra-Gold Coast,Canberra,Gold Coast,All Airlines,2024-25,546,539,7,445,454,94,85,82.6,84.2,1.3,,,,,,
Canberra-Gold Coast,Canberra,Gold Coast,Jetstar,2024-25,181,178,3,144,147,34,31,80.9,82.6,1.7,,,,,,
Canberra-Gold Coast,Canberra,Gold Coast,Virgin Australia,2024-25,365,361,4,301,307,60,54,83.4,85.0,1.1,,,,,,
Canberra-Melbourne,Canberra,Melbourne,All Airlines,2024-25,4182,4037,145,3079,3122,958,915,76.3,77.3,3.5,,,,,,
Canberra-Melbourne,Canberra,Melbourne,Jetstar,2024-25,365,363,2,278,275,85,88,76.6,75.8,0.5,,,,,,
Canberra-Melbourne,Canberra,Melbourne,Qantas,2024-25,418,406,12,327,347,79,59,80.5,85.5,2.9,,,,,,
Canberra-Melbourne,Canberra,Melbourne,QantasLink,2024-25,1903,1787,116,1269,1283,518,504,71.0,71.8,6.1,,,,,,
Canberra-Melbourne,Canberra,Melbourne,Rex Airlines,2024-25,36,30,6,16,16,14,14,53.3,53.3,16.7,,,,,,
Canberra-Melbourne,Canberra,Melbourne,Virgin Australia,2024-25,1460,1451,9,1189,1201,262,250,81.9,82.8,0.6,,,,,,
Canberra-Sydney,Canberra,Sydney,All Airlines,2024-25,7604,7167,437,5747,5652,1420,1515,80.2,78.9,5.7,,,,,,
Canberra-Sydney,Canberra,Sydney,Qantas,2024-25,631,601,30,518,506,83,95,86.2,84.2,4.8,,,,,,
Canberra-Sydney,Canberra,Sydney,QantasLink,2024-25,4088,3780,308,2843,2778,937,1002,75.2,73.5,7.5,,,,,,
Canberra-Sydney,Canberra,Sydney,Virgin Australia,2024-25,2885,2786,99,2386,2368,400,418,85.6,85.0,3.4,,,,,,
Coffs Harbour-Sydney,Coffs Harbour,Sydney,All Airlines,2024-25,2199,2140,59,1626,1580,514,560,76.0,73.8,2.7,,,,,,
Coffs Harbour-Sydney,Coffs Harbour,Sydney,Qantas,2024-25,177,171,6,144,140,27,31,84.2,81.9,3.4,,,,,,
Coffs Harbour-Sydney,Coffs Harbour,Sydney,QantasLink,2024-25,1026,991,35,744,763,247,228,75.1,77.0,3.4,,,,,,
Coffs Harbour-Sydney,Coffs Harbour,Sydney,Rex Airlines,2024-25,996,978,18,738,677,240,301,75.5,69.2,1.8,,,,,,
Darwin-Brisbane,Darwin,Brisbane,All Airlines,2024-25,1241,1219,22,779,807,440,412,63.9,66.2,1.8,,,,,,
Darwin-Brisbane,Darwin,Brisbane,Jetstar,2024-25,308,303,5,208,214,95,89,68.6,70.6,1.6,,,,,,
Darwin-Brisbane,Darwin,Brisbane,Qantas,2024-25,378,370,8,266,268,104,102,71.9,72.4,2.1,,,,,,
Darwin-Brisbane,Darwin,Brisbane,QantasLink,2024-25,121,118,3,55,46,63,72,46.6,39.0,2.5,,,,,,
Darwin-Brisbane,Darwin,Brisbane,Virgin Australia,2024-25,434,428,6,250,279,178,149,58.4,65.2,1.4,,,,,,
Darwin-Melbourne,Darwin,Melbourne,All Airlines,2024-25,1019,1004,15,690,757,314,247,68.7,75.4,1.5,,,,,,
Darwin-Melbourne,Darwin,Melbourne,Jetstar,2024-25,309,300,9,200,234,100,66,66.7,78.0,2.9,,,,,,
Darwin-Melbourne,Darwin,Melbourne,Qantas,2024-25,382,382,0,285,321,97,61,74.6,84.0,0.0,,,,,,
Darwin-Melbourne,Darwin,Melbourne,Virgin Australia,2024-25,328,322,6,205,202,117,120,63.7,62.7,1.8,,,,,,
Darwin-Perth,Darwin,Perth,All Airlines,2024-25,714,706,8,509,505,197,201,72.1,71.5,1.1,,,,,,
Darwin-Perth,Darwin,Perth,Qantas,2024-25,234,233,1,195,194,38,39,83.7,83.3,0.4,,,,,,
Darwin-Perth,Darwin,Perth,QantasLink,2024-25,240,236,4,150,139,86,97,63.6,58.9,1.7,,,,,,
Darwin-Perth,Darwin,Perth,Virgin Australia,2024-25,27,27,0,24,25,3,2,88.9,92.6,0.0,,,,,,
Darwin-Perth,Darwin,Perth,Virgin Australia Regional Airlines,2024-25,213,210,3,140,147,70,63,66.7,70.0,1.4,,,,,,
Devonport-Melbourne,Devonport,Melbourne,All Airlines,2024-25,1807,1748,59,1464,1443,284,305,83.8,82.6,3.3,,,,,,
Devonport-Melbourne,Devonport,Melbourne,QantasLink,2024-25,1242,1208,34,1007,1001,201,207,83.4,82.9,2.7,,,,,,
Devonport-Melbourne,Devonport,Melbourne,Rex Airlines,2024-25,565,540,25,457,442,83,98,84.6,81.9,4.4,,,,,,
Dubbo-Sydney,Dubbo,Sydney,All Airlines,2024-25,2636,2555,81,2007,1937,548,618,78.6,75.8,3.1,,,,,,
Dubbo-Sydney,Dubbo,Sydney,QantasLink,2024-25,1263,1222,41,1002,999,220,223,82.0,81.8,3.2,,,,,,
Dubbo-Sydney,Dubbo,Sydney,Rex Airlines,2024-25,1373,1333,40,1005,938,328,395,75.4,70.4,2.9,,,,,,
Emerald-Brisbane,Emerald,Brisbane,All Airlines,2024-25,1751,1676,75,1419,1431,257,245,84.7,85.4,4.3,,,,,,
Emerald-Brisbane,Emerald,Brisbane,QantasLink,2024-25,1438,1367,71,1173,1188,194,179,85.8,86.9,4.9,,,,,,
Emerald-Brisbane,Emerald,Brisbane,Virgin Australia,2024-25,313,309,4,246,243,63,66,79.6,78.6,1.3,,,,,,
Gladstone-Brisbane,Gladstone,Brisbane,All Airlines,2024-25,1951,1879,72,1515,1468,364,411,80.6,78.1,3.7,,,,,,
Gladstone-Brisbane,Gladstone,Brisbane,QantasLink,2024-25,1532,1468,64,1193,1163,275,305,81.3,79.2,4.2,,,,,,
Gladstone-Brisbane,Gladstone,Brisbane,Virgin Australia,2024-25,419,411,8,322,305,89,106,78.3,74.2,1.9,,,,,,
Gold Coast-Adelaide,Gold Coast,Adelaide,All Airlines,2024-25,796,787,9,593,624,194,163,75.3,79.3,1.1,,,,,,
Gold Coast-Adelaide,Gold Coast,Adelaide,Jetstar,2024-25,364,360,4,288,301,72,59,80.0,83.6,1.1,,,,,,
Gold Coast-Adelaide,Gold Coast,Adelaide,QantasLink,2024-25,33,33,0,23,22,10,11,69.7,66.7,0.0,,,,,,
Gold Coast-Adelaide,Gold Coast,Adelaide,Virgin Australia,2024-25,399,394,5,282,301,112,93,71.6,76.4,1.3,,,,,,
Gold Coast-Canberra,Gold Coast,Canberra,All Airlines,2024-25,544,538,6,436,455,102,83,81.0,84.6,1.1,,,,,,
Gold Coast-Canberra,Gold Coast,Canberra,Jetstar,2024-25,179,177,2,144,155,33,22,81.4,87.6,1.1,,,,,,
Gold Coast-Canberra,Gold Coast,Canberra,Virgin Australia,2024-25,365,361,4,292,300,69,61,80.9,83.1,1.1,,,,,,
Gold Coast-Melbourne,Gold Coast,Melbourne,All Airlines,2024-25,6164,6017,147,4203,4474,1814,1543,69.9,74.4,2.4,,,,,,
Gold Coast-Melbourne,Gold Coast,Melbourne,Jetstar,2024-25,2564,2486,78,1804,1875,682,611,72.6,75.4,3.0,,,,,,
Gold Coast-Melbourne,Gold Coast,Melbourne,Qantas,2024-25,512,506,6,303,336,203,170,59.9,66.4,1.2,,,,,,
Gold Coast-Melbourne,Gold Coast,Melbourne,Rex Airlines,2024-25,36,30,6,20,13,10,17,66.7,43.3,16.7,,,,,,
Gold Coast-Melbourne,Gold Coast,Melbourne,Virgin Australia,2024-25,3052,2995,57,2076,2250,919,745,69.3,75.1,1.9,,,,,,
Gold Coast-Sydney,Gold Coast,Sydney,All Airlines,2024-25,7961,7782,179,6005,6117,1777,1665,77.2,78.6,2.2,,,,,,
Gold Coast-Sydney,Gold Coast,Sydney,Jetstar,2024-25,3015,2937,78,2405,2442,532,495,81.9,83.1,2.6,,,,,,
Gold Coast-Sydney,Gold Coast,Sydney,Qantas,2024-25,1264,1249,15,936,946,313,303,74.9,75.7,1.2,,,,,,
Gold Coast-Sydney,Gold Coast,Sydney,Rex Airlines,2024-25,33,27,6,19,22,8,5,70.4,81.5,18.2,,,,,,
Gold Coast-Sydney,Gold Coast,Sydney,Virgin Australia,2024-25,3649,3569,80,2645,2707,924,862,74.1,75.8,2.2,,,,,,
Hamilton Island-Brisbane,Hamilton Island,Brisbane,All Airlines,2024-25,749,737,12,537,546,200,191,72.9,74.1,1.6,,,,,,
Hamilton Island-Brisbane,Hamilton Island,Brisbane,QantasLink,2024-25,333,325,8,223,220,102,105,68.6,67.7,2.4,,,,,,
Hamilton Island-Brisbane,Hamilton Island,Brisbane,Virgin Australia,2024-25,416,412,4,314,326,98,86,76.2,79.1,1.0,,,,,,
Hamilton Island-Sydney,Hamilton Island,Sydney,All Airlines,2024-25,902,895,7,542,545,353,350,60.6,60.9,0.8,,,,,,
Hamilton Island-Sydney,Hamilton Island,Sydney,Jetstar,2024-25,210,210,0,136,143,74,67,64.8,68.1,0.0,,,,,,
Hamilton Island-Sydney,Hamilton Island,Sydney,Qantas,2024-25,364,359,5,212,227,147,132,59.1,63.2,1.4,,,,,,
Hamilton Island-Sydney,Hamilton Island,Sydney,Virgin Australia,2024-25,328,326,2,194,175,132,151,59.5,53.7,0.6,,,,,,
Hobart-Brisbane,Hobart,Brisbane,All Airlines,2024-25,1104,1087,17,720,736,367,351,66.2,67.7,1.5,,,,,,
Hobart-Brisbane,Hobart,Brisbane,Jetstar,2024-25,336,332,4,238,248,94,84,71.7,74.7,1.2,,,,,,
Hobart-Brisbane,Hobart,Brisbane,QantasLink,2024-25,219,213,6,119,124,94,89,55.9,58.2,2.7,,,,,,
Hobart-Brisbane,Hobart,Brisbane,Virgin Australia,2024-25,549,542,7,363,364,179,178,67.0,67.2,1.3,,,,,,
Hobart-Melbourne,Hobart,Melbourne,All Airlines,2024-25,4773,4697,76,3320,3442,1377,1255,70.7,73.3,1.6,,,,,,
Hobart-Melbourne,Hobart,Melbourne,Jetstar,2024-25,1940,1930,10,1220,1269,710,661,63.2,65.8,0.5,,,,,,
Hobart-Melbourne,Hobart,Melbourne,Qantas,2024-25,276,271,5,202,205,69,66,74.5,75.6,1.8,,,,,,
Hobart-Melbourne,Hobart,Melbourne,QantasLink,2024-25,1075,1023,52,692,709,331,314,67.6,69.3,4.8,,,,,,
Hobart-Melbourne,Hobart,Melbourne,Rex Airlines,2024-25,36,30,6,23,23,7,7,76.7,76.7,16.7,,,,,,
Hobart-Melbourne,Hobart,Melbourne,Virgin Australia,2024-25,1446,1443,3,1183,1236,260,207,82.0,85.7,0.2,,,,,,
Hobart-Sydney,Hobart,Sydney,All Airlines,2024-25,2871,2823,48,2089,2100,734,723,74.0,74.4,1.7,,,,,,
Hobart-Sydney,Hobart,Sydney,Jetstar,2024-25,969,963,6,677,702,286,261,70.3,72.9,0.6,,,,,,
Hobart-Sydney,Hobart,Sydney,Qantas,2024-25,392,390,2,293,300,97,90,75.1,76.9,0.5,,,,,,
Hobart-Sydney,Hobart,Sydney,QantasLink,2024-25,628,594,34,404,403,190,191,68.0,67.8,5.4,,,,,,
Hobart-Sydney,Hobart,Sydney,Virgin Australia,2024-25,882,876,6,715,695,161,181,81.6,79.3,0.7,,,,,,
Kalgoorlie-Perth,Kalgoorlie,Perth,All Airlines,2024-25,2215,2134,81,1518,1495,616,639,71.1,70.1,3.7,,,,,,
Kalgoorlie-Perth,Kalgoorlie,Perth,Qantas,2024-25,204,198,6,159,167,39,31,80.3,84.3,2.9,,,,,,
Kalgoorlie-Perth,Kalgoorlie,Perth,QantasLink,2024-25,760,717,43,522,505,195,212,72.8,70.4,5.7,,,,,,
Kalgoorlie-Perth,Kalgoorlie,Perth,Virgin Australia,2024-25,984,960,24,684,652,276,308,71.3,67.9,2.4,,,,,,
Kalgoorlie-Perth,Kalgoorlie,Perth,Virgin Australia Regional Airlines,2024-25,267,259,8,153,171,106,88,59.1,66.0,3.0,,,,,,
Karratha-Perth,Karratha,Perth,All Airlines,2024-25,2824,2762,62,2087,1954,675,808,75.6,70.7,2.2,,,,,,
Karratha-Perth,Karratha,Perth,Qantas,2024-25,55,55,0,49,46,6,9,89.1,83.6,0.0,,,,,,
Karratha-Perth,Karratha,Perth,QantasLink,2024-25,1795,1754,41,1258,1172,496,582,71.7,66.8,2.3,,,,,,
Karratha-Perth,Karratha,Perth,Virgin Australia,2024-25,810,794,16,680,624,114,170,85.6,78.6,2.0,,,,,,
Karratha-Perth,Karratha,Perth,Virgin Australia Regional Airlines,2024-25,164,159,5,100,112,59,47,62.9,70.4,3.0,,,,,,
Launceston-Brisbane,Launceston,Brisbane,All Airlines,2024-25,509,497,12,277,275,220,222,55.7,55.3,2.4,,,,,,
Launceston-Brisbane,Launceston,Brisbane,Jetstar,2024-25,301,291,10,148,136,143,155,50.9,46.7,3.3,,,,,,
Launceston-Brisbane,Launceston,Brisbane,QantasLink,2024-25,21,21,0,12,14,9,7,57.1,66.7,0.0,,,,,,
Launceston-Brisbane,Launceston,Brisbane,Virgin Australia,2024-25,187,185,2,117,125,68,60,63.2,67.6,1.1,,,,,,
Launceston-Melbourne,Launceston,Melbourne,All Airlines,2024-25,3184,3112,72,2180,2261,932,851,70.1,72.7,2.3,,,,,,
Launceston-Melbourne,Launceston,Melbourne,Jetstar,2024-25,1174,1167,7,699,756,468,411,59.9,64.8,0.6,,,,,,
Launceston-Melbourne,Launceston,Melbourne,QantasLink,2024-25,912,850,62,611,619,239,231,71.9,72.8,6.8,,,,,,
Launceston-Melbourne,Launceston,Melbourne,Virgin Australia,2024-25,1098,1095,3,870,886,225,209,79.5,80.9,0.3,,,,,,
Launceston-Sydney,Launceston,Sydney,All Airlines,2024-25,1216,1204,12,868,881,336,323,72.1,73.2,1.0,,,,,,
Launceston-Sydney,Launceston,Sydney,Jetstar,2024-25,512,507,5,378,389,129,118,74.6,76.7,1.0,,,,,,
Launceston-Sydney,Launceston,Sydney,QantasLink,2024-25,350,343,7,262,282,81,61,76.4,82.2,2.0,,,,,,
Launceston-Sydney,Launceston,Sydney,Virgin Australia,2024-25,354,354,0,228,210,126,144,64.4,59.3,0.0,,,,,,
Mackay-Brisbane,Mackay,Brisbane,All Airlines,2024-25,3526,3442,84,2550,2577,892,865,74.1,74.9,2.4,,,,,,
Mackay-Brisbane,Mackay,Brisbane,Jetstar,2024-25,366,358,8,168,170,190,188,46.9,47.5,2.2,,,,,,
Mackay-Brisbane,Mackay,Brisbane,Qantas,2024-25,1103,1079,24,859,852,220,227,79.6,79.0,2.2,,,,,,
Mackay-Brisbane,Mackay,Brisbane,QantasLink,2024-25,440,413,27,311,289,102,124,75.3,70.0,6.1,,,,,,
Mackay-Brisbane,Mackay,Brisbane,Virgin Australia,2024-25,1617,1592,25,1212,1266,380,326,76.1,79.5,1.5,,,,,,
Melbourne-Adelaide,Melbourne,Adelaide,All Airlines,2024-25,7791,7720,71,5974,5753,1746,1967,77.4,74.5,0.9,,,,,,
Melbourne-Adelaide,Melbourne,Adelaide,Jetstar,2024-25,1516,1505,11,1126,1146,379,359,74.8,76.1,0.7,,,,,,
Melbourne-Adelaide,Melbourne,Adelaide,Qantas,2024-25,2967,2935,32,2244,2217,691,718,76.5,75.5,1.1,,,,,,
Melbourne-Adelaide,Melbourne,Adelaide,QantasLink,2024-25,137,132,5,110,102,22,30,83.3,77.3,3.6,,,,,,
Melbourne-Adelaide,Melbourne,Adelaide,Rex Airlines,2024-25,71,60,11,50,45,10,15,83.3,75.0,15.5,,,,,,
Melbourne-Adelaide,Melbourne,Adelaide,Virgin Australia,2024-25,3100,3088,12,2444,2243,644,845,79.1,72.6,0.4,,,,,,
Melbourne-Ayers Rock,Melbourne,Ayers Rock,All Airlines,2024-25,149,149,0,134,134,15,15,89.9,89.9,0.0,,,,,,
Melbourne-Ayers Rock,Melbourne,Ayers Rock,Jetstar,2024-25,97,97,0,89,85,8,12,91.8,87.6,0.0,,,,,,
Melbourne-Ayers Rock,Melbourne,Ayers Rock,Virgin Australia,2024-25,52,52,0,45,49,7,3,86.5,94.2,0.0,,,,,,
Melbourne-Brisbane,Melbourne,Brisbane,All Airlines,2024-25,11707,11347,360,8440,8122,2907,3225,74.4,71.6,3.1,,,,,,
Melbourne-Brisbane,Melbourne,Brisbane,Jetstar,2024-25,1862,1811,51,1127,1088,684,723,62.2,60.1,2.7,,,,,,
Melbourne-Brisbane,Melbourne,Brisbane,Qantas,2024-25,3892,3778,114,2788,2838,990,940,73.8,75.1,2.9,,,,,,
Melbourne-Brisbane,Melbourne,Brisbane,QantasLink,2024-25,885,788,97,562,542,226,246,71.3,68.8,11.0,,,,,,
Melbourne-Brisbane,Melbourne,Brisbane,Rex Airlines,2024-25,67,56,11,40,37,16,19,71.4,66.1,16.4,,,,,,
Melbourne-Brisbane,Melbourne,Brisbane,Virgin Australia,2024-25,5001,4914,87,3923,3617,991,1297,79.8,73.6,1.7,,,,,,
Melbourne-Cairns,Melbourne,Cairns,All Airlines,2024-25,2366,2353,13,1852,1842,501,511,78.7,78.3,0.5,,,,,,
Melbourne-Cairns,Melbourne,Cairns,Jetstar,2024-25,1140,1129,11,781,806,348,323,69.2,71.4,1.0,,,,,,
Melbourne-Cairns,Melbourne,Cairns,Qantas,2024-25,381,379,2,313,290,66,89,82.6,76.5,0.5,,,,,,
Melbourne-Cairns,Melbourne,Cairns,Virgin Australia,2024-25,845,845,0,758,746,87,99,89.7,88.3,0.0,,,,,,
Melbourne-Canberra,Melbourne,Canberra,All Airlines,2024-25,4183,4048,135,3120,3110,928,938,77.1,76.8,3.2,,,,,,
Melbourne-Canberra,Melbourne,Canberra,Jetstar,2024-25,366,364,2,286,295,78,69,78.6,81.0,0.5,,,,,,
Melbourne-Canberra,Melbourne,Canberra,Qantas,2024-25,423,414,9,332,333,82,81,80.2,80.4,2.1,,,,,,
Melbourne-Canberra,Melbourne,Canberra,QantasLink,2024-25,1898,1784,114,1286,1273,498,511,72.1,71.4,6.0,,,,,,
Melbourne-Canberra,Melbourne,Canberra,Rex Airlines,2024-25,36,30,6,15,16,15,14,50.0,53.3,16.7,,,,,,
Melbourne-Canberra,Melbourne,Canberra,Virgin Australia,2024-25,1460,1456,4,1201,1193,255,263,82.5,81.9,0.3,,,,,,
Melbourne-Darwin,Melbourne,Darwin,All Airlines,2024-25,1015,1009,6,757,798,252,211,75.0,79.1,0.6,,,,,,
Melbourne-Darwin,Melbourne,Darwin,Jetstar,2024-25,307,302,5,237,244,65,58,78.5,80.8,1.6,,,,,,
Melbourne-Darwin,Melbourne,Darwin,Qantas,2024-25,382,382,0,280,298,102,84,73.3,78.0,0.0,,,,,,
Melbourne-Darwin,Melbourne,Darwin,Virgin Australia,2024-25,326,325,1,240,256,85,69,73.8,78.8,0.3,,,,,,
Melbourne-Devonport,Melbourne,Devonport,All Airlines,2024-25,1803,1756,47,1459,1452,297,304,83.1,82.7,2.6,,,,,,
Melbourne-Devonport,Melbourne,Devonport,QantasLink,2024-25,1239,1216,23,989,984,227,232,81.3,80.9,1.9,,,,,,
Melbourne-Devonport,Melbourne,Devonport,Rex Airlines,2024-25,564,540,24,470,468,70,72,87.0,86.7,4.3,,,,,,
Melbourne-Gold Coast,Melbourne,Gold Coast,All Airlines,2024-25,6162,6032,130,4496,4563,1536,1469,74.5,75.6,2.1,,,,,,
Melbourne-Gold Coast,Melbourne,Gold Coast,Jetstar,2024-25,2562,2491,71,1730,1795,761,696,69.5,72.1,2.8,,,,,,
Melbourne-Gold Coast,Melbourne,Gold Coast,Qantas,2024-25,511,507,4,388,390,119,117,76.5,76.9,0.8,,,,,,
Melbourne-Gold Coast,Melbourne,Gold Coast,Rex Airlines,2024-25,36,30,6,26,21,4,9,86.7,70.0,16.7,,,,,,
Melbourne-Gold Coast,Melbourne,Gold Coast,Virgin Australia,2024-25,3053,3004,49,2352,2357,652,647,78.3,78.5,1.6,,,,,,
Melbourne-Hobart,Melbourne,Hobart,All Airlines,2024-25,4772,4707,65,3520,3501,1187,1206,74.8,74.4,1.4,,,,,,
Melbourne-Hobart,Melbourne,Hobart,Jetstar,2024-25,1935,1928,7,1446,1419,482,509,75.0,73.6,0.4,,,,,,
Melbourne-Hobart,Melbourne,Hobart,Qantas,2024-25,276,273,3,202,213,71,60,74.0,78.0,1.1,,,,,,
Melbourne-Hobart,Melbourne,Hobart,QantasLink,2024-25,1076,1031,45,681,695,350,336,66.1,67.4,4.2,,,,,,
Melbourne-Hobart,Melbourne,Hobart,Rex Airlines,2024-25,36,30,6,24,23,6,7,80.0,76.7,16.7,,,,,,
Melbourne-Hobart,Melbourne,Hobart,Virgin Australia,2024-25,1449,1445,4,1167,1151,278,294,80.8,79.7,0.3,,,,,,
Melbourne-Launceston,Melbourne,Launceston,All Airlines,2024-25,3183,3122,61,2226,2193,896,929,71.3,70.2,1.9,,,,,,
Melbourne-Launceston,Melbourne,Launceston,Jetstar,2024-25,1170,1166,4,764,769,402,397,65.5,66.0,0.3,,,,,,
Melbourne-Launceston,Melbourne,Launceston,QantasLink,2024-25,913,861,52,601,568,260,293,69.8,66.0,5.7,,,,,,
Melbourne-Launceston,Melbourne,Launceston,Virgin Australia,2024-25,1100,1095,5,861,856,234,239,78.6,78.2,0.5,,,,,,
Melbourne-Mildura,Melbourne,Mildura,All Airlines,2024-25,2253,2230,23,1770,1721,460,509,79.4,77.2,1.0,,,,,,
Melbourne-Mildura,Melbourne,Mildura,QantasLink,2024-25,1081,1064,17,803,772,261,292,75.5,72.6,1.6,,,,,,
Melbourne-Mildura,Melbourne,Mildura,Rex Airlines,2024-25,1172,1166,6,967,949,199,217,82.9,81.4,0.5,,,,,,
Melbourne-Newcastle,Melbourne,Newcastle,All Airlines,2024-25,1803,1783,20,1291,1284,492,499,72.4,72.0,1.1,,,,,,
Melbourne-Newcastle,Melbourne,Newcastle,Jetstar,2024-25,714,706,8,503,512,203,194,71.2,72.5,1.1,,,,,,
Melbourne-Newcastle,Melbourne,Newcastle,QantasLink,2024-25,590,579,11,378,354,201,225,65.3,61.1,1.9,,,,,,
Melbourne-Newcastle,Melbourne,Newcastle,Virgin Australia,2024-25,499,498,1,410,418,88,80,82.3,83.9,0.2,,,,,,
Melbourne-Perth,Melbourne,Perth,All Airlines,2024-25,6036,5967,69,4375,4320,1592,1647,73.3,72.4,1.1,,,,,,
Melbourne-Perth,Melbourne,Perth,Jetstar,2024-25,969,950,19,713,719,237,231,75.1,75.7,2.0,,,,,,
Melbourne-Perth,Melbourne,Perth,Qantas,2024-25,2453,2423,30,1727,1647,696,776,71.3,68.0,1.2,,,,,,
Melbourne-Perth,Melbourne,Perth,Rex Airlines,2024-25,26,21,5,15,15,6,6,71.4,71.4,19.2,,,,,,
Melbourne-Perth,Melbourne,Perth,Virgin Australia,2024-25,2588,2573,15,1920,1939,653,634,74.6,75.4,0.6,,,,,,
Melbourne-Sunshine Coast,Melbourne,Sunshine Coast,All Airlines,2024-25,2200,2191,9,1743,1726,448,465,79.6,78.8,0.4,,,,,,
Melbourne-Sunshine Coast,Melbourne,Sunshine Coast,Jetstar,2024-25,917,914,3,685,671,229,243,74.9,73.4,0.3,,,,,,
Melbourne-Sunshine Coast,Melbourne,Sunshine Coast,Qantas,2024-25,400,399,1,307,298,92,101,76.9,74.7,0.3,,,,,,
Melbourne-Sunshine Coast,Melbourne,Sunshine Coast,Virgin Australia,2024-25,883,878,5,751,757,127,121,85.5,86.2,0.6,,,,,,
Melbourne-Sydney,Melbourne,Sydney,All Airlines,2024-25,25102,23933,1169,19091,17916,4842,6017,79.8,74.9,4.7,,,,,,
Melbourne-Sydney,Melbourne,Sydney,Jetstar,2024-25,5444,5268,176,3889,4021,1379,1247,73.8,76.3,3.2,,,,,,
Melbourne-Sydney,Melbourne,Sydney,Qantas,2024-25,10413,9741,672,7849,7240,1892,2501,80.6,74.3,6.5,,,,,,
Melbourne-Sydney,Melbourne,Sydney,Rex Airlines,2024-25,249,204,45,167,158,37,46,81.9,77.5,18.1,,,,,,
Melbourne-Sydney,Melbourne,Sydney,Virgin Australia,2024-25,8996,8720,276,7186,6497,1534,2223,82.4,74.5,3.1,,,,,,
Mildura-Melbourne,Mildura,Melbourne,All Airlines,2024-25,2253,2224,29,1726,1723,498,501,77.6,77.5,1.3,,,,,,
Mildura-Melbourne,Mildura,Melbourne,QantasLink,2024-25,1081,1060,21,791,819,269,241,74.6,77.3,1.9,,,,,,
Mildura-Melbourne,Mildura,Melbourne,Rex Airlines,2024-25,1172,1164,8,935,904,229,260,80.3,77.7,0.7,,,,,,
Mount Isa-Brisbane,Mount Isa,Brisbane,All Airlines,2024-25,978,963,15,725,684,238,279,75.3,71.0,1.5,,,,,,
Mount Isa-Brisbane,Mount Isa,Brisbane,Qantas,2024-25,298,297,1,238,237,59,60,80.1,79.8,0.3,,,,,,
Mount Isa-Brisbane,Mount Isa,Brisbane,QantasLink,2024-25,522,509,13,380,344,129,165,74.7,67.6,2.5,,,,,,
Mount Isa-Brisbane,Mount Isa,Brisbane,Virgin Australia,2024-25,158,157,1,107,103,50,54,68.2,65.6,0.6,,,,,,
Newcastle-Brisbane,Newcastle,Brisbane,All Airlines,2024-25,2609,2549,60,1875,1818,674,731,73.6,71.3,2.3,,,,,,
Newcastle-Brisbane,Newcastle,Brisbane,Jetstar,2024-25,671,651,20,466,483,185,168,71.6,74.2,3.0,,,,,,
Newcastle-Brisbane,Newcastle,Brisbane,QantasLink,2024-25,983,957,26,773,730,184,227,80.8,76.3,2.6,,,,,,
Newcastle-Brisbane,Newcastle,Brisbane,Virgin Australia,2024-25,955,941,14,636,605,305,336,67.6,64.3,1.5,,,,,,
Newcastle-Melbourne,Newcastle,Melbourne,All Airlines,2024-25,1811,1781,30,1388,1385,393,396,77.9,77.8,1.7,,,,,,
Newcastle-Melbourne,Newcastle,Melbourne,Jetstar,2024-25,719,705,14,466,501,239,204,66.1,71.1,1.9,,,,,,
Newcastle-Melbourne,Newcastle,Melbourne,QantasLink,2024-25,591,579,12,510,480,69,99,88.1,82.9,2.0,,,,,,
Newcastle-Melbourne,Newcastle,Melbourne,Virgin Australia,2024-25,501,497,4,412,404,85,93,82.9,81.3,0.8,,,,,,
Newman-Perth,Newman,Perth,All Airlines,2024-25,2096,2068,28,1589,1455,479,613,76.8,70.4,1.3,,,,,,
Newman-Perth,Newman,Perth,Qantas,2024-25,136,135,1,126,129,9,6,93.3,95.6,0.7,,,,,,
Newman-Perth,Newman,Perth,QantasLink,2024-25,1284,1259,25,951,869,308,390,75.5,69.0,1.9,,,,,,
Newman-Perth,Newman,Perth,Virgin Australia,2024-25,529,529,0,405,356,124,173,76.6,67.3,0.0,,,,,,
Newman-Perth,Newman,Perth,Virgin Australia Regional Airlines,2024-25,147,145,2,107,101,38,44,73.8,69.7,1.4,,,,,,
Perth-Adelaide,Perth,Adelaide,All Airlines,2024-25,2340,2324,16,1834,1754,490,570,78.9,75.5,0.7,,,,,,
Perth-Adelaide,Perth,Adelaide,Jetstar,2024-25,315,312,3,222,215,90,97,71.2,68.9,1.0,,,,,,
Perth-Adelaide,Perth,Adelaide,Qantas,2024-25,1100,1096,4,878,878,218,218,80.1,80.1,0.4,,,,,,
Perth-Adelaide,Perth,Adelaide,Rex Airlines,2024-25,19,14,5,9,8,5,6,64.3,57.1,26.3,,,,,,
Perth-Adelaide,Perth,Adelaide,Virgin Australia,2024-25,703,701,2,600,533,101,168,85.6,76.0,0.3,,,,,,
Perth-Adelaide,Perth,Adelaide,Virgin Australia Regional Airlines,2024-25,203,201,2,125,120,76,81,62.2,59.7,1.0,,,,,,
Perth-Brisbane,Perth,Brisbane,All Airlines,2024-25,3767,3698,69,2673,2640,1025,1058,72.3,71.4,1.8,,,,,,
Perth-Brisbane,Perth,Brisbane,Jetstar,2024-25,337,316,21,155,147,161,169,49.1,46.5,6.2,,,,,,
Perth-Brisbane,Perth,Brisbane,Qantas,2024-25,1913,1885,28,1485,1455,400,430,78.8,77.2,1.5,,,,,,
Perth-Brisbane,Perth,Brisbane,Virgin Australia,2024-25,1517,1497,20,1033,1038,464,459,69.0,69.3,1.3,,,,,,
Perth-Broome,Perth,Broome,All Airlines,2024-25,1583,1573,10,1112,1174,461,399,70.7,74.6,0.6,,,,,,
Perth-Broome,Perth,Broome,Qantas,2024-25,6,6,0,5,4,1,2,83.3,66.7,0.0,,,,,,
Perth-Broome,Perth,Broome,QantasLink,2024-25,967,957,10,672,681,285,276,70.2,71.2,1.0,,,,,,
Perth-Broome,Perth,Broome,Virgin Australia,2024-25,437,437,0,323,347,114,90,73.9,79.4,0.0,,,,,,
Perth-Broome,Perth,Broome,Virgin Australia Regional Airlines,2024-25,173,173,0,112,142,61,31,64.7,82.1,0.0,,,,,,
Perth-Darwin,Perth,Darwin,All Airlines,2024-25,716,710,6,544,526,166,184,76.6,74.1,0.8,,,,,,
Perth-Darwin,Perth,Darwin,Qantas,2024-25,233,233,0,194,190,39,43,83.3,81.5,0.0,,,,,,
Perth-Darwin,Perth,Darwin,QantasLink,2024-25,243,240,3,192,178,48,62,80.0,74.2,1.2,,,,,,
Perth-Darwin,Perth,Darwin,Virgin Australia,2024-25,27,27,0,23,21,4,6,85.2,77.8,0.0,,,,,,
Perth-Darwin,Perth,Darwin,Virgin Australia Regional Airlines,2024-25,213,210,3,135,137,75,73,64.3,65.2,1.4,,,,,,
Perth-Kalgoorlie,Perth,Kalgoorlie,All Airlines,2024-25,2213,2135,78,1754,1643,381,492,82.2,77.0,3.5,,,,,,
Perth-Kalgoorlie,Perth,Kalgoorlie,Qantas,2024-25,203,197,6,186,176,11,21,94.4,89.3,3.0,,,,,,
Perth-Kalgoorlie,Perth,Kalgoorlie,QantasLink,2024-25,759,717,42,548,529,169,188,76.4,73.8,5.5,,,,,,
Perth-Kalgoorlie,Perth,Kalgoorlie,Virgin Australia,2024-25,984,962,22,825,759,137,203,85.8,78.9,2.2,,,,,,
Perth-Kalgoorlie,Perth,Kalgoorlie,Virgin Australia Regional Airlines,2024-25,267,259,8,195,179,64,80,75.3,69.1,3.0,,,,,,
Perth-Karratha,Perth,Karratha,All Airlines,2024-25,2836,2788,48,2239,2208,549,580,80.3,79.2,1.7,,,,,,
Perth-Karratha,Perth,Karratha,Qantas,2024-25,55,55,0,51,52,4,3,92.7,94.5,0.0,,,,,,
Perth-Karratha,Perth,Karratha,QantasLink,2024-25,1806,1774,32,1368,1364,406,410,77.1,76.9,1.8,,,,,,
Perth-Karratha,Perth,Karratha,Virgin Australia,2024-25,811,799,12,707,677,92,122,88.5,84.7,1.5,,,,,,
Perth-Karratha,Perth,Karratha,Virgin Australia Regional Airlines,2024-25,164,160,4,113,115,47,45,70.6,71.9,2.4,,,,,,
Perth-Melbourne,Perth,Melbourne,All Airlines,2024-25,6192,6096,96,4482,4692,1614,1404,73.5,77.0,1.6,,,,,,
Perth-Melbourne,Perth,Melbourne,Jetstar,2024-25,972,944,28,625,717,319,227,66.2,76.0,2.9,,,,,,
Perth-Melbourne,Perth,Melbourne,Qantas,2024-25,2454,2406,48,1729,1814,677,592,71.9,75.4,2.0,,,,,,
Perth-Melbourne,Perth,Melbourne,Rex Airlines,2024-25,27,22,5,18,17,4,5,81.8,77.3,18.5,,,,,,
Perth-Melbourne,Perth,Melbourne,Virgin Australia,2024-25,2739,2724,15,2110,2144,614,580,77.5,78.7,0.5,,,,,,
Perth-Newman,Perth,Newman,All Airlines,2024-25,2093,2078,15,1759,1721,319,357,84.6,82.8,0.7,,,,,,
Perth-Newman,Perth,Newman,Qantas,2024-25,136,136,0,131,132,5,4,96.3,97.1,0.0,,,,,,
Perth-Newman,Perth,Newman,QantasLink,2024-25,1281,1268,13,1035,1015,233,253,81.6,80.0,1.0,,,,,,
Perth-Newman,Perth,Newman,Virgin Australia,2024-25,529,529,0,465,449,64,80,87.9,84.9,0.0,,,,,,
Perth-Newman,Perth,Newman,Virgin Australia Regional Airlines,2024-25,147,145,2,128,125,17,20,88.3,86.2,1.4,,,,,,
Perth-Port Hedland,Perth,Port Hedland,All Airlines,2024-25,2366,2311,55,1915,1870,396,441,82.9,80.9,2.3,,,,,,
Perth-Port Hedland,Perth,Port Hedland,QantasLink,2024-25,1669,1633,36,1358,1328,275,305,83.2,81.3,2.2,,,,,,
Perth-Port Hedland,Perth,Port Hedland,Virgin Australia,2024-25,540,523,17,445,430,78,93,85.1,82.2,3.1,,,,,,
Perth-Port Hedland,Perth,Port Hedland,Virgin Australia Regional Airlines,2024-25,157,155,2,112,112,43,43,72.3,72.3,1.3,,,,,,
Perth-Sydney,Perth,Sydney,All Airlines,2024-25,5019,4960,59,3486,3712,1474,1248,70.3,74.8,1.2,,,,,,
Perth-Sydney,Perth,Sydney,Jetstar,2024-25,677,655,22,410,438,245,217,62.6,66.9,3.2,,,,,,
Perth-Sydney,Perth,Sydney,Qantas,2024-25,2382,2356,26,1602,1631,754,725,68.0,69.2,1.1,,,,,,
Perth-Sydney,Perth,Sydney,Virgin Australia,2024-25,1960,1949,11,1474,1643,475,306,75.6,84.3,0.6,,,,,,
Port Hedland-Perth,Port Hedland,Perth,All Airlines,2024-25,2361,2280,81,1569,1491,711,789,68.8,65.4,3.4,,,,,,
Port Hedland-Perth,Port Hedland,Perth,QantasLink,2024-25,1664,1606,58,1135,1068,471,538,70.7,66.5,3.5,,,,,,
Port Hedland-Perth,Port Hedland,Perth,Virgin Australia,2024-25,540,519,21,361,339,158,180,69.6,65.3,3.9,,,,,,
Port Hedland-Perth,Port Hedland,Perth,Virgin Australia Regional Airlines,2024-25,157,155,2,73,84,82,71,47.1,54.2,1.3,,,,,,
Port Lincoln-Adelaide,Port Lincoln,Adelaide,All Airlines,2024-25,3170,3048,122,2573,2571,475,477,84.4,84.4,3.8,,,,,,
Port Lincoln-Adelaide,Port Lincoln,Adelaide,QantasLink,2024-25,1366,1325,41,1203,1213,122,112,90.8,91.5,3.0,,,,,,
Port Lincoln-Adelaide,Port Lincoln,Adelaide,Rex Airlines,2024-25,1804,1723,81,1370,1358,353,365,79.5,78.8,4.5,,,,,,
Port Macquarie-Sydney,Port Macquarie,Sydney,All Airlines,2024-25,1978,1907,71,1479,1413,428,494,77.6,74.1,3.6,,,,,,
Port Macquarie-Sydney,Port Macquarie,Sydney,QantasLink,2024-25,1257,1216,41,960,932,256,284,78.9,76.6,3.3,,,,,,
Port Macquarie-Sydney,Port Macquarie,Sydney,Rex Airlines,2024-25,721,691,30,519,481,172,210,75.1,69.6,4.2,,,,,,
Proserpine-Brisbane,Proserpine,Brisbane,All Airlines,2024-25,1017,988,29,633,659,355,329,64.1,66.7,2.9,,,,,,
Proserpine-Brisbane,Proserpine,Brisbane,Jetstar,2024-25,396,384,12,243,243,141,141,63.3,63.3,3.0,,,,,,
Proserpine-Brisbane,Proserpine,Brisbane,QantasLink,2024-25,208,201,7,150,156,51,45,74.6,77.6,3.4,,,,,,
Proserpine-Brisbane,Proserpine,Brisbane,Virgin Australia,2024-25,413,403,10,240,260,163,143,59.6,64.5,2.4,,,,,,
Rockhampton-Brisbane,Rockhampton,Brisbane,All Airlines,2024-25,3963,3848,115,2769,2591,1079,1257,72.0,67.3,2.9,,,,,,
Rockhampton-Brisbane,Rockhampton,Brisbane,QantasLink,2024-25,2099,2010,89,1588,1530,422,480,79.0,76.1,4.2,,,,,,
Rockhampton-Brisbane,Rockhampton,Brisbane,Virgin Australia,2024-25,1864,1838,26,1181,1061,657,777,64.3,57.7,1.4,,,,,,
Sunshine Coast-Melbourne,Sunshine Coast,Melbourne,All Airlines,2024-25,2207,2193,14,1492,1625,701,568,68.0,74.1,0.6,,,,,,
Sunshine Coast-Melbourne,Sunshine Coast,Melbourne,Jetstar,2024-25,921,914,7,579,650,335,264,63.3,71.1,0.8,,,,,,
Sunshine Coast-Melbourne,Sunshine Coast,Melbourne,Qantas,2024-25,403,401,2,211,248,190,153,52.6,61.8,0.5,,,,,,
Sunshine Coast-Melbourne,Sunshine Coast,Melbourne,Virgin Australia,2024-25,883,878,5,702,727,176,151,80.0,82.8,0.6,,,,,,
Sunshine Coast-Sydney,Sunshine Coast,Sydney,All Airlines,2024-25,2587,2548,39,1869,1775,679,773,73.4,69.7,1.5,,,,,,
Sunshine Coast-Sydney,Sunshine Coast,Sydney,Jetstar,2024-25,1141,1112,29,831,825,281,287,74.7,74.2,2.5,,,,,,
Sunshine Coast-Sydney,Sunshine Coast,Sydney,Qantas,2024-25,684,679,5,488,495,191,184,71.9,72.9,0.7,,,,,,
Sunshine Coast-Sydney,Sunshine Coast,Sydney,Virgin Australia,2024-25,762,757,5,550,455,207,302,72.7,60.1,0.7,,,,,,
Sydney-Adelaide,Sydney,Adelaide,All Airlines,2024-25,6545,6372,173,4842,4852,1530,1520,76.0,76.1,2.6,,,,,,
Sydney-Adelaide,Sydney,Adelaide,Jetstar,2024-25,1583,1514,69,1075,1136,439,378,71.0,75.0,4.4,,,,,,
Sydney-Adelaide,Sydney,Adelaide,Qantas,2024-25,2876,2792,84,2162,2162,630,630,77.4,77.4,2.9,,,,,,
Sydney-Adelaide,Sydney,Adelaide,Rex Airlines,2024-25,36,30,6,18,20,12,10,60.0,66.7,16.7,,,,,,
Sydney-Adelaide,Sydney,Adelaide,Virgin Australia,2024-25,2050,2036,14,1587,1534,449,502,77.9,75.3,0.7,,,,,,
Sydney-Albury,Sydney,Albury,All Airlines,2024-25,2001,1976,25,1498,1520,478,456,75.8,76.9,1.2,,,,,,
Sydney-Albury,Sydney,Albury,QantasLink,2024-25,1136,1118,18,826,849,292,269,73.9,75.9,1.6,,,,,,
Sydney-Albury,Sydney,Albury,Rex Airlines,2024-25,865,858,7,672,671,186,187,78.3,78.2,0.8,,,,,,
Sydney-Ballina,Sydney,Ballina,All Airlines,2024-25,1967,1925,42,1619,1574,306,351,84.1,81.8,2.1,,,,,,
Sydney-Ballina,Sydney,Ballina,Jetstar,2024-25,923,908,15,786,775,122,133,86.6,85.4,1.6,,,,,,
Sydney-Ballina,Sydney,Ballina,QantasLink,2024-25,535,516,19,422,416,94,100,81.8,80.6,3.6,,,,,,
Sydney-Ballina,Sydney,Ballina,Virgin Australia,2024-25,509,501,8,411,383,90,118,82.0,76.4,1.6,,,,,,
Sydney-Brisbane,Sydney,Brisbane,All Airlines,2024-25,14440,14013,427,10520,10226,3493,3787,75.1,73.0,3.0,,,,,,
Sydney-Brisbane,Sydney,Brisbane,Jetstar,2024-25,2514,2430,84,1612,1646,818,784,66.3,67.7,3.3,,,,,,
Sydney-Brisbane,Sydney,Brisbane,Qantas,2024-25,6248,6071,177,4481,4284,1590,1787,73.8,70.6,2.8,,,,,,
Sydney-Brisbane,Sydney,Brisbane,QantasLink,2024-25,14,13,1,8,8,5,5,61.5,61.5,7.1,,,,,,
Sydney-Brisbane,Sydney,Brisbane,Rex Airlines,2024-25,180,150,30,124,114,26,36,82.7,76.0,16.7,,,,,,
Sydney-Brisbane,Sydney,Brisbane,Virgin Australia,2024-25,5484,5349,135,4295,4174,1054,1175,80.3,78.0,2.5,,,,,,
Sydney-Cairns,Sydney,Cairns,All Airlines,2024-25,2735,2724,11,2159,2176,565,548,79.3,79.9,0.4,,,,,,
Sydney-Cairns,Sydney,Cairns,Jetstar,2024-25,1260,1253,7,964,965,289,288,76.9,77.0,0.6,,,,,,
Sydney-Cairns,Sydney,Cairns,Qantas,2024-25,472,470,2,334,336,136,134,71.1,71.5,0.4,,,,,,
Sydney-Cairns,Sydney,Cairns,QantasLink,2024-25,59,59,0,46,47,13,12,78.0,79.7,0.0,,,,,,
Sydney-Cairns,Sydney,Cairns,Virgin Australia,2024-25,944,942,2,815,828,127,114,86.5,87.9,0.2,,,,,,
Sydney-Canberra,Sydney,Canberra,All Airlines,2024-25,7601,7216,385,5777,5879,1439,1337,80.1,81.5,5.1,,,,,,
Sydney-Canberra,Sydney,Canberra,Qantas,2024-25,628,597,31,516,513,81,84,86.4,85.9,4.9,,,,,,
Sydney-Canberra,Sydney,Canberra,QantasLink,2024-25,4088,3837,251,2925,2928,912,909,76.2,76.3,6.1,,,,,,
Sydney-Canberra,Sydney,Canberra,Virgin Australia,2024-25,2885,2782,103,2336,2438,446,344,84.0,87.6,3.6,,,,,,
Sydney-Coffs Harbour,Sydney,Coffs Harbour,All Airlines,2024-25,2200,2153,47,1555,1631,598,522,72.2,75.8,2.1,,,,,,
Sydney-Coffs Harbour,Sydney,Coffs Harbour,Qantas,2024-25,177,171,6,137,133,34,38,80.1,77.8,3.4,,,,,,
Sydney-Coffs Harbour,Sydney,Coffs Harbour,QantasLink,2024-25,1029,1004,25,695,738,309,266,69.2,73.5,2.4,,,,,,
Sydney-Coffs Harbour,Sydney,Coffs Harbour,Rex Airlines,2024-25,994,978,16,723,760,255,218,73.9,77.7,1.6,,,,,,
Sydney-Dubbo,Sydney,Dubbo,All Airlines,2024-25,2608,2536,72,1828,1917,708,619,72.1,75.6,2.8,,,,,,
Sydney-Dubbo,Sydney,Dubbo,QantasLink,2024-25,1264,1225,39,949,986,276,239,77.5,80.5,3.1,,,,,,
Sydney-Dubbo,Sydney,Dubbo,Rex Airlines,2024-25,1344,1311,33,879,931,432,380,67.0,71.0,2.5,,,,,,
Sydney-Gold Coast,Sydney,Gold Coast,All Airlines,2024-25,7958,7797,161,6126,6069,1671,1728,78.6,77.8,2.0,,,,,,
Sydney-Gold Coast,Sydney,Gold Coast,Jetstar,2024-25,3017,2944,73,2383,2414,561,530,80.9,82.0,2.4,,,,,,
Sydney-Gold Coast,Sydney,Gold Coast,Qantas,2024-25,1264,1252,12,918,979,334,273,73.3,78.2,0.9,,,,,,
Sydney-Gold Coast,Sydney,Gold Coast,Rex Airlines,2024-25,33,27,6,21,20,6,7,77.8,74.1,18.2,,,,,,
Sydney-Gold Coast,Sydney,Gold Coast,Virgin Australia,2024-25,3644,3574,70,2804,2656,770,918,78.5,74.3,1.9,,,,,,
Sydney-Hamilton Island,Sydney,Hamilton Island,All Airlines,2024-25,895,893,2,694,681,199,212,77.7,76.3,0.2,,,,,,
Sydney-Hamilton Island,Sydney,Hamilton Island,Jetstar,2024-25,209,209,0,178,171,31,38,85.2,81.8,0.0,,,,,,
Sydney-Hamilton Island,Sydney,Hamilton Island,Qantas,2024-25,360,358,2,246,257,112,101,68.7,71.8,0.6,,,,,,
Sydney-Hamilton Island,Sydney,Hamilton Island,Virgin Australia,2024-25,326,326,0,270,253,56,73,82.8,77.6,0.0,,,,,,
Sydney-Hobart,Sydney,Hobart,All Airlines,2024-25,2869,2823,46,2163,2214,660,609,76.6,78.4,1.6,,,,,,
Sydney-Hobart,Sydney,Hobart,Jetstar,2024-25,967,963,4,772,773,191,190,80.2,80.3,0.4,,,,,,
Sydney-Hobart,Sydney,Hobart,Qantas,2024-25,393,390,3,271,295,119,95,69.5,75.6,0.8,,,,,,
Sydney-Hobart,Sydney,Hobart,QantasLink,2024-25,627,593,34,356,393,237,200,60.0,66.3,5.4,,,,,,
Sydney-Hobart,Sydney,Hobart,Virgin Australia,2024-25,882,877,5,764,753,113,124,87.1,85.9,0.6,,,,,,
Sydney-Launceston,Sydney,Launceston,All Airlines,2024-25,1212,1199,13,889,930,310,269,74.1,77.6,1.1,,,,,,
Sydney-Launceston,Sydney,Launceston,Jetstar,2024-25,510,506,4,397,414,109,92,78.5,81.8,0.8,,,,,,
Sydney-Launceston,Sydney,Launceston,QantasLink,2024-25,348,339,9,231,237,108,102,68.1,69.9,2.6,,,,,,
Sydney-Launceston,Sydney,Launceston,Virgin Australia,2024-25,354,354,0,261,279,93,75,73.7,78.8,0.0,,,,,,
Sydney-Melbourne,Sydney,Melbourne,All Airlines,2024-25,25065,23915,1150,18282,18260,5633,5655,76.4,76.4,4.6,,,,,,
Sydney-Melbourne,Sydney,Melbourne,Jetstar,2024-25,5455,5290,165,3954,4111,1336,1179,74.7,77.7,3.0,,,,,,
Sydney-Melbourne,Sydney,Melbourne,Qantas,2024-25,10453,9787,666,7411,7381,2376,2406,75.7,75.4,6.4,,,,,,
Sydney-Melbourne,Sydney,Melbourne,Rex Airlines,2024-25,249,204,45,161,154,43,50,78.9,75.5,18.1,,,,,,
Sydney-Melbourne,Sydney,Melbourne,Virgin Australia,2024-25,8908,8634,274,6756,6614,1878,2020,78.2,76.6,3.1,,,,,,
Sydney-Perth,Sydney,Perth,All Airlines,2024-25,5177,5141,36,3600,3605,1541,1536,70.0,70.1,0.7,,,,,,
Sydney-Perth,Sydney,Perth,Jetstar,2024-25,669,661,8,446,486,215,175,67.5,73.5,1.2,,,,,,
Sydney-Perth,Sydney,Perth,Qantas,2024-25,2386,2365,21,1574,1514,791,851,66.6,64.0,0.9,,,,,,
Sydney-Perth,Sydney,Perth,Virgin Australia,2024-25,2122,2115,7,1580,1605,535,510,74.7,75.9,0.3,,,,,,
Sydney-Port Macquarie,Sydney,Port Macquarie,All Airlines,2024-25,1981,1915,66,1415,1434,500,481,73.9,74.9,3.3,,,,,,
Sydney-Port Macquarie,Sydney,Port Macquarie,QantasLink,2024-25,1255,1217,38,915,940,302,277,75.2,77.2,3.0,,,,,,
Sydney-Port Macquarie,Sydney,Port Macquarie,Rex Airlines,2024-25,726,698,28,500,494,198,204,71.6,70.8,3.9,,,,,,
Sydney-Sunshine Coast,Sydney,Sunshine Coast,All Airlines,2024-25,2580,2555,25,1959,1939,596,616,76.7,75.9,1.0,,,,,,
Sydney-Sunshine Coast,Sydney,Sunshine Coast,Jetstar,2024-25,1135,1118,17,899,908,219,210,80.4,81.2,1.5,,,,,,
Sydney-Sunshine Coast,Sydney,Sunshine Coast,Qantas,2024-25,684,679,5,449,461,230,218,66.1,67.9,0.7,,,,,,
Sydney-Sunshine Coast,Sydney,Sunshine Coast,Virgin Australia,2024-25,761,758,3,611,570,147,188,80.6,75.2,0.4,,,,,,
Sydney-Wagga Wagga,Sydney,Wagga Wagga,All Airlines,2024-25,2232,2195,37,1760,1790,435,405,80.2,81.5,1.7,,,,,,
Sydney-Wagga Wagga,Sydney,Wagga Wagga,QantasLink,2024-25,1260,1232,28,1015,1026,217,206,82.4,83.3,2.2,,,,,,
Sydney-Wagga Wagga,Sydney,Wagga Wagga,Rex Airlines,2024-25,972,963,9,745,764,218,199,77.4,79.3,0.9,,,,,,
Townsville-Brisbane,Townsville,Brisbane,All Airlines,2024-25,4420,4325,95,2957,2969,1368,1356,68.4,68.6,2.1,,,,,,
Townsville-Brisbane,Townsville,Brisbane,Jetstar,2024-25,747,732,15,450,445,282,287,61.5,60.8,2.0,,,,,,
Townsville-Brisbane,Townsville,Brisbane,Qantas,2024-25,274,271,3,215,227,56,44,79.3,83.8,1.1,,,,,,
Townsville-Brisbane,Townsville,Brisbane,QantasLink,2024-25,1734,1685,49,1179,1152,506,533,70.0,68.4,2.8,,,,,,
Townsville-Brisbane,Townsville,Brisbane,Virgin Australia,2024-25,1665,1637,28,1113,1145,524,492,68.0,69.9,1.7,,,,,,
Townsville-Cairns,Townsville,Cairns,All Airlines,2024-25,1034,1006,28,882,870,124,136,87.7,86.5,2.7,,,,,,
Townsville-Cairns,Townsville,Cairns,QantasLink,2024-25,940,916,24,805,797,111,119,87.9,87.0,2.6,,,,,,
Townsville-Cairns,Townsville,Cairns,Rex Airlines,2024-25,94,90,4,77,73,13,17,85.6,81.1,4.3,,,,,,
Wagga Wagga-Sydney,Wagga Wagga,Sydney,All Airlines,2024-25,2231,2181,50,1806,1762,375,419,82.8,80.8,2.2,,,,,,
Wagga Wagga-Sydney,Wagga Wagga,Sydney,QantasLink,2024-25,1260,1222,38,1036,1056,186,166,84.8,86.4,3.0,,,,,,
Wagga Wagga-Sydney,Wagga Wagga,Sydney,Rex Airlines,2024-25,971,959,12,770,706,189,253,80.3,73.6,1.2,,,,,,
,,,,,,,,,,,,,,,,,,,,
,,,,,,,,,,,,,,,,,,,,
,,,,,,,,,,,,,,,,,,,,
,,,,,,,,,,,,,,,,,,,,
,,,,,,,,,,,,,,,,,,,,
,,,,,,,,,,,,,,,,,,,,
,,,,,,,,,,,,,,,,,,,,
,,,,,,,,,,,,,,,,,,,,
,,,,,,,,,,,,,,,,,,,,
,,,,,,,,,,,,,,,,,,,,
,,,,,,,,,,,,,,,,,,,,
,,,,,,,,,,,,,,,,,,,,
,,,,,,,,,,,,,,,,,,,,
,,,,,,,,,,,,,,,,,,,,
,,,,,,,,,,,,,,,,,,,,
,,,,,,,,,,,,,,,,,,,,
,,,,,,,,,,,,,,,,,,,,
,,,,,,,,,,,,,,,,,,,,
,,,,,,,,,,,,,,,,,,,,
,,,,,,,,,,,,,,,,,,,,
,,,,,,,,,,,,,,,,,,,,
,,,,,,,,,,,,,,,,,,,,
,,,,,,,,,,,,,,,,,,,,
,,,,,,,,,,,,,,,,,,,,
,,,,,,,,,,,,,,,,,,,,
,,,,,,,,,,,,,,,,,,,,
,,,,,,,,,,,,,,,,,,,,
,,,,,,,,,,,,,,,,,,,,
,,,,,,,,,,,,,,,,,,,,
,,,,,,,,,,,,,,,,,,,,
,,,,,,,,,,,,,,,,,,,,
,,,,,,,,,,,,,,,,,,,,
,,,,,,,,,,,,,,,,,,,,
,,,,,,,,,,,,,,,,,,,,
,,,,,,,,,,,,,,,,,,,,
